"FormanCorrLogKFlamm","FormanCorrRFlamm","FormanCorrRMatchedFlat"
-0.9023842391449907,0.9573902897103812,0.21630997108627914
