"OllivierCorrLogKFlamm","OllivierCorrRFlamm","OllivierCorrRMatchedFlat"
-0.19408740647472433,0.3637439232783754,0.4550971353210382
